model,policy_rank,policy_file,policy_sha256,training_fitness,episode,fitness,completed_at_utc
fpv,1,top_1_policy_fpv_fitness_4.5002.npy,99522ff529164c637f318cf058029dad189b93ae60f837d6916a5e1edc685fe9,4.5002,1,2.3358656173,2026-06-24T19:27:25.087386+00:00
fpv,1,top_1_policy_fpv_fitness_4.5002.npy,99522ff529164c637f318cf058029dad189b93ae60f837d6916a5e1edc685fe9,4.5002,2,2.5055548697,2026-06-24T19:27:49.167880+00:00
fpv,1,top_1_policy_fpv_fitness_4.5002.npy,99522ff529164c637f318cf058029dad189b93ae60f837d6916a5e1edc685fe9,4.5002,3,2.4759491812,2026-06-24T19:28:14.778770+00:00
fpv,1,top_1_policy_fpv_fitness_4.5002.npy,99522ff529164c637f318cf058029dad189b93ae60f837d6916a5e1edc685fe9,4.5002,4,2.6970770323,2026-06-24T19:28:38.935670+00:00
fpv,1,top_1_policy_fpv_fitness_4.5002.npy,99522ff529164c637f318cf058029dad189b93ae60f837d6916a5e1edc685fe9,4.5002,5,2.8284780691,2026-06-24T19:29:02.896821+00:00
fpv,1,top_1_policy_fpv_fitness_4.5002.npy,99522ff529164c637f318cf058029dad189b93ae60f837d6916a5e1edc685fe9,4.5002,6,2.2827216711,2026-06-24T19:29:27.346741+00:00
fpv,1,top_1_policy_fpv_fitness_4.5002.npy,99522ff529164c637f318cf058029dad189b93ae60f837d6916a5e1edc685fe9,4.5002,7,2.6885987316,2026-06-24T19:29:51.097216+00:00
fpv,1,top_1_policy_fpv_fitness_4.5002.npy,99522ff529164c637f318cf058029dad189b93ae60f837d6916a5e1edc685fe9,4.5002,8,2.7217218345,2026-06-24T19:30:15.030239+00:00
fpv,1,top_1_policy_fpv_fitness_4.5002.npy,99522ff529164c637f318cf058029dad189b93ae60f837d6916a5e1edc685fe9,4.5002,9,2.1912851056,2026-06-24T19:30:39.899429+00:00
fpv,1,top_1_policy_fpv_fitness_4.5002.npy,99522ff529164c637f318cf058029dad189b93ae60f837d6916a5e1edc685fe9,4.5002,10,2.2877796206,2026-06-24T19:31:04.158781+00:00
fpv,2,top_2_policy_fpv_fitness_4.3002.npy,ddcaae3631143db7ae4176a0e011700caf695b01fb3913fcbd24a374ad692f52,4.3002,1,1.7718480322,2026-06-24T19:31:27.981475+00:00
fpv,2,top_2_policy_fpv_fitness_4.3002.npy,ddcaae3631143db7ae4176a0e011700caf695b01fb3913fcbd24a374ad692f52,4.3002,2,1.9287294842,2026-06-24T19:31:52.191713+00:00
fpv,2,top_2_policy_fpv_fitness_4.3002.npy,ddcaae3631143db7ae4176a0e011700caf695b01fb3913fcbd24a374ad692f52,4.3002,3,1.8072105157,2026-06-24T19:32:16.759931+00:00
fpv,2,top_2_policy_fpv_fitness_4.3002.npy,ddcaae3631143db7ae4176a0e011700caf695b01fb3913fcbd24a374ad692f52,4.3002,4,1.8699841473,2026-06-24T19:32:40.902838+00:00
fpv,2,top_2_policy_fpv_fitness_4.3002.npy,ddcaae3631143db7ae4176a0e011700caf695b01fb3913fcbd24a374ad692f52,4.3002,5,1.7832867428,2026-06-24T19:33:04.460959+00:00
fpv,2,top_2_policy_fpv_fitness_4.3002.npy,ddcaae3631143db7ae4176a0e011700caf695b01fb3913fcbd24a374ad692f52,4.3002,6,1.8398415729,2026-06-24T19:33:29.033069+00:00
fpv,2,top_2_policy_fpv_fitness_4.3002.npy,ddcaae3631143db7ae4176a0e011700caf695b01fb3913fcbd24a374ad692f52,4.3002,7,1.9930083113,2026-06-24T19:33:52.528827+00:00
fpv,2,top_2_policy_fpv_fitness_4.3002.npy,ddcaae3631143db7ae4176a0e011700caf695b01fb3913fcbd24a374ad692f52,4.3002,8,1.9156389579,2026-06-24T19:34:17.385387+00:00
fpv,2,top_2_policy_fpv_fitness_4.3002.npy,ddcaae3631143db7ae4176a0e011700caf695b01fb3913fcbd24a374ad692f52,4.3002,9,1.6989952349,2026-06-24T19:34:41.455680+00:00
fpv,2,top_2_policy_fpv_fitness_4.3002.npy,ddcaae3631143db7ae4176a0e011700caf695b01fb3913fcbd24a374ad692f52,4.3002,10,1.7270621549,2026-06-24T19:35:06.088636+00:00
fpv,3,top_3_policy_fpv_fitness_4.2889.npy,932ef4e3c502e1135f8c9a7ca852eb5df408a7f77488ea0ed348d6f2196d7e41,4.2889,1,3.1961744170,2026-06-24T19:35:30.438755+00:00
fpv,3,top_3_policy_fpv_fitness_4.2889.npy,932ef4e3c502e1135f8c9a7ca852eb5df408a7f77488ea0ed348d6f2196d7e41,4.2889,2,2.9819512017,2026-06-24T19:35:55.752308+00:00
fpv,3,top_3_policy_fpv_fitness_4.2889.npy,932ef4e3c502e1135f8c9a7ca852eb5df408a7f77488ea0ed348d6f2196d7e41,4.2889,3,3.9375241675,2026-06-24T19:36:20.708700+00:00
fpv,3,top_3_policy_fpv_fitness_4.2889.npy,932ef4e3c502e1135f8c9a7ca852eb5df408a7f77488ea0ed348d6f2196d7e41,4.2889,4,2.8135639698,2026-06-24T19:36:44.961787+00:00
fpv,3,top_3_policy_fpv_fitness_4.2889.npy,932ef4e3c502e1135f8c9a7ca852eb5df408a7f77488ea0ed348d6f2196d7e41,4.2889,5,2.3107881126,2026-06-24T19:37:09.143402+00:00
fpv,3,top_3_policy_fpv_fitness_4.2889.npy,932ef4e3c502e1135f8c9a7ca852eb5df408a7f77488ea0ed348d6f2196d7e41,4.2889,6,2.9513042736,2026-06-24T19:37:33.761267+00:00
fpv,3,top_3_policy_fpv_fitness_4.2889.npy,932ef4e3c502e1135f8c9a7ca852eb5df408a7f77488ea0ed348d6f2196d7e41,4.2889,7,2.1427533143,2026-06-24T19:37:58.979255+00:00
fpv,3,top_3_policy_fpv_fitness_4.2889.npy,932ef4e3c502e1135f8c9a7ca852eb5df408a7f77488ea0ed348d6f2196d7e41,4.2889,8,2.5465169215,2026-06-24T19:38:24.302051+00:00
fpv,3,top_3_policy_fpv_fitness_4.2889.npy,932ef4e3c502e1135f8c9a7ca852eb5df408a7f77488ea0ed348d6f2196d7e41,4.2889,9,2.4150157348,2026-06-24T19:38:48.210222+00:00
fpv,3,top_3_policy_fpv_fitness_4.2889.npy,932ef4e3c502e1135f8c9a7ca852eb5df408a7f77488ea0ed348d6f2196d7e41,4.2889,10,2.4260147982,2026-06-24T19:39:11.998789+00:00
fpv,4,top_4_policy_fpv_fitness_4.2134.npy,2d1d5e9c437e33d5981c136cc03b2374988457fed24a966d90b59e0653655f20,4.2134,1,2.4052951827,2026-06-24T19:39:35.884615+00:00
fpv,4,top_4_policy_fpv_fitness_4.2134.npy,2d1d5e9c437e33d5981c136cc03b2374988457fed24a966d90b59e0653655f20,4.2134,2,2.3668185173,2026-06-24T19:39:59.985904+00:00
fpv,4,top_4_policy_fpv_fitness_4.2134.npy,2d1d5e9c437e33d5981c136cc03b2374988457fed24a966d90b59e0653655f20,4.2134,3,3.9718104924,2026-06-24T19:40:25.721437+00:00
fpv,4,top_4_policy_fpv_fitness_4.2134.npy,2d1d5e9c437e33d5981c136cc03b2374988457fed24a966d90b59e0653655f20,4.2134,4,2.3718077258,2026-06-24T19:40:50.009726+00:00
fpv,4,top_4_policy_fpv_fitness_4.2134.npy,2d1d5e9c437e33d5981c136cc03b2374988457fed24a966d90b59e0653655f20,4.2134,5,2.1629115418,2026-06-24T19:41:14.256862+00:00
fpv,4,top_4_policy_fpv_fitness_4.2134.npy,2d1d5e9c437e33d5981c136cc03b2374988457fed24a966d90b59e0653655f20,4.2134,6,2.2854310948,2026-06-24T19:41:37.705564+00:00
fpv,4,top_4_policy_fpv_fitness_4.2134.npy,2d1d5e9c437e33d5981c136cc03b2374988457fed24a966d90b59e0653655f20,4.2134,7,2.5246075519,2026-06-24T19:42:02.028873+00:00
fpv,4,top_4_policy_fpv_fitness_4.2134.npy,2d1d5e9c437e33d5981c136cc03b2374988457fed24a966d90b59e0653655f20,4.2134,8,2.2474976426,2026-06-24T19:42:26.171144+00:00
fpv,4,top_4_policy_fpv_fitness_4.2134.npy,2d1d5e9c437e33d5981c136cc03b2374988457fed24a966d90b59e0653655f20,4.2134,9,4.0603341090,2026-06-24T19:42:51.325763+00:00
fpv,4,top_4_policy_fpv_fitness_4.2134.npy,2d1d5e9c437e33d5981c136cc03b2374988457fed24a966d90b59e0653655f20,4.2134,10,2.6006952285,2026-06-24T19:43:15.644329+00:00fpv,5,top_5_policy_fpv_fitness_4.1551.npy,c89ee032194e6f1c50d72b54fa73c01cdd027589dd0571ae52668097e5d0b93c,4.1551,1,3.4669309993,2026-06-24T19:48:33.623097+00:00
fpv,5,top_5_policy_fpv_fitness_4.1551.npy,c89ee032194e6f1c50d72b54fa73c01cdd027589dd0571ae52668097e5d0b93c,4.1551,2,2.1755155430,2026-06-24T19:48:57.227432+00:00
fpv,5,top_5_policy_fpv_fitness_4.1551.npy,c89ee032194e6f1c50d72b54fa73c01cdd027589dd0571ae52668097e5d0b93c,4.1551,3,3.9952267316,2026-06-24T19:49:21.923681+00:00
fpv,5,top_5_policy_fpv_fitness_4.1551.npy,c89ee032194e6f1c50d72b54fa73c01cdd027589dd0571ae52668097e5d0b93c,4.1551,4,3.3405048831,2026-06-24T19:49:48.168567+00:00
fpv,5,top_5_policy_fpv_fitness_4.1551.npy,c89ee032194e6f1c50d72b54fa73c01cdd027589dd0571ae52668097e5d0b93c,4.1551,5,2.2789209140,2026-06-24T19:50:13.356286+00:00
fpv,5,top_5_policy_fpv_fitness_4.1551.npy,c89ee032194e6f1c50d72b54fa73c01cdd027589dd0571ae52668097e5d0b93c,4.1551,6,2.2615804608,2026-06-24T19:50:38.582627+00:00
fpv,5,top_5_policy_fpv_fitness_4.1551.npy,c89ee032194e6f1c50d72b54fa73c01cdd027589dd0571ae52668097e5d0b93c,4.1551,7,3.1067510685,2026-06-24T19:51:04.130442+00:00
fpv,5,top_5_policy_fpv_fitness_4.1551.npy,c89ee032194e6f1c50d72b54fa73c01cdd027589dd0571ae52668097e5d0b93c,4.1551,8,2.3392959372,2026-06-24T19:51:27.994285+00:00
fpv,5,top_5_policy_fpv_fitness_4.1551.npy,c89ee032194e6f1c50d72b54fa73c01cdd027589dd0571ae52668097e5d0b93c,4.1551,9,2.2148112616,2026-06-24T19:51:52.419401+00:00
fpv,5,top_5_policy_fpv_fitness_4.1551.npy,c89ee032194e6f1c50d72b54fa73c01cdd027589dd0571ae52668097e5d0b93c,4.1551,10,2.8995839497,2026-06-24T19:52:16.386406+00:00
fpv,5,top_5_policy_fpv_fitness_4.1551.npy,c89ee032194e6f1c50d72b54fa73c01cdd027589dd0571ae52668097e5d0b93c,4.1551,1,2.6826397008,2026-06-24T19:54:28.358292+00:00
